date,currency,baseRateEuro
2017-03-10,PLN,0.231636978527252
2017-03-08,THB,0.026946188461642
2017-03-04,KRW,0.000820613819137
2017-04-26,MXN,0.048482497818288
2017-04-02,EUR,1.0
2017-04-16,SEK,0.10436234606554
2017-04-09,CZK,0.037646350186349
2017-04-22,USD,0.93475415965601
2017-04-01,HUF,0.003250763929523
2017-04-11,IDR,7.0921985816e-05
2017-03-22,CHF,0.930232558139535
2017-04-26,CZK,0.037109882361673
2017-03-24,THB,0.026795284030011
2017-03-31,ILS,0.256976923472272
2017-04-25,NOK,0.107344511475128
2017-03-09,MXN,0.048278858687781
2017-04-17,HRK,0.134671065921487
2017-04-26,CNY,0.133224977018691
2017-04-04,NZD,0.656771312229082
2017-03-01,HRK,0.134471861762926
2017-04-29,HUF,0.00320122927204
2017-03-02,PHP,0.018862586060549
2017-03-14,THB,0.026544913994479
2017-04-12,BRL,0.3000300030003
2017-03-16,RUB,0.015937778911131
2017-04-13,GBP,1.179760036808513
2017-03-15,CAD,0.697447342725624
2017-04-05,BGN,0.511299723898149
2017-03-15,IDR,7.0353172928e-05
2017-03-31,MXN,0.049694379565671
2017-04-08,BRL,0.299859066238868
2017-04-15,TRY,0.256469441666026
2017-03-03,HRK,0.134783604922297
2017-03-18,IDR,6.9788540722e-05
2017-04-14,BGN,0.511299723898149
2017-03-04,IDR,7.0726359714e-05
2017-04-14,RUB,0.016684741803621
2017-03-17,MYR,0.210004620101642
2017-03-06,USD,0.946521533364884
2017-03-18,EUR,1.0
2017-03-21,DKK,0.13450622763834
2017-04-25,TRY,0.255577989623534
2017-04-21,CNY,0.135747834822035
2017-04-22,PLN,0.234044047089662
2017-04-12,THB,0.027356038845575
2017-04-15,USD,0.940733772342427
2017-04-23,RON,0.220084952791778
2017-03-22,CAD,0.696912676841592
2017-04-08,IDR,7.0616481887e-05
2017-04-18,BGN,0.511299723898149
2017-04-17,PLN,0.235571260306243
2017-04-17,ARS,0.062065036586408
2017-04-04,USD,0.937998311603039
2017-03-20,USD,0.931358852565894
2017-03-12,EUR,1.0
2017-04-25,DKK,0.134415828808
2017-04-12,HRK,0.134435706123546
2017-03-02,SGD,0.673763643713785
2017-03-29,MXN,0.048797150246426
2017-04-18,JPY,0.008601410631344
2017-03-12,ZAR,0.071083309638897
2017-03-26,MYR,0.209205020920502
2017-03-02,EUR,1.0
2017-04-25,CAD,0.676132521974307
2017-03-22,RUB,0.016178350131854
2017-04-25,MXN,0.048732943469786
2017-03-05,HRK,0.134838126828742
2017-04-26,INR,0.01431659723117
2017-04-03,ILS,0.257380382467248
2017-04-22,AUD,0.703284337857796
2017-04-27,HRK,0.133547008547009
2017-04-24,JPY,0.008356313194619
2017-03-24,CZK,0.037008252840383
2017-03-09,RON,0.219765729732106
2017-03-08,RUB,0.016298324532238
2017-03-19,ILS,0.256548397855255
2017-03-02,IDR,7.1053005542e-05
2017-03-28,EUR,1.0
2017-04-19,RON,0.220550936238724
2017-03-31,CHF,0.93475415965601
2017-03-03,ZAR,0.072568940493469
2017-03-12,INR,0.014149875481096
2017-04-22,CNY,0.135747834822035
2017-03-24,PHP,0.018413154357473
2017-03-20,RON,0.219139657703855
2017-04-11,BRL,0.300833308263891
2017-03-09,MYR,0.212395395267831
2017-03-04,BGN,0.511299723898149
2017-04-24,ARS,0.059668470046726
2017-04-27,SGD,0.657678395264716
2017-03-12,BGN,0.511299723898149
2017-04-01,USD,0.935366195865681
2017-03-11,HUF,0.003202356934704
2017-03-30,CHF,0.933532486930545
2017-04-02,JPY,0.008364700961941
2017-03-16,KRW,0.000821490183192
2017-04-05,NZD,0.655307994757536
2017-04-30,GBP,1.1838102115468849
2017-03-15,KRW,0.00081799591002
2017-03-02,NZD,0.675995403231258
2017-03-06,GBP,1.1580105378958949
2017-03-14,GBP,1.146026725343235
2017-03-26,JPY,0.00832708801732
2017-03-27,CZK,0.037008252840383
2017-04-29,CNY,0.132684065970518
2017-03-01,CZK,0.037008252840383
2017-04-25,CNY,0.133376013657704
2017-04-30,HUF,0.00320122927204
2017-04-23,ZAR,0.071128814282666
2017-03-19,IDR,6.9788540722e-05
2017-03-09,TRY,0.253588274078207
2017-03-01,AUD,0.724270297675092
2017-03-27,MXN,0.048952418249462
2017-03-30,GBP,1.1576083810846789
2017-04-24,CHF,0.925411808254673
2017-03-03,JPY,0.008316699933466
2017-03-09,INR,0.014185201997276
2017-03-24,NZD,0.653466640528001
2017-03-24,GBP,1.1591111935367959
2017-03-29,EUR,1.0
2017-03-10,CZK,0.037008252840383
2017-03-03,CAD,0.710782571611344
2017-04-12,SGD,0.67254018427601
2017-04-26,DKK,0.13441763559379
2017-04-15,BGN,0.511299723898149
2017-03-05,KRW,0.000820613819137
2017-03-24,PLN,0.234274335246574
2017-03-25,JPY,0.00832708801732
2017-03-29,HUF,0.003234257252822
2017-04-08,USD,0.940733772342427
2017-04-23,CZK,0.037129172390747
2017-04-11,NOK,0.109595046303907
2017-04-27,DKK,0.134432091628914
2017-04-08,JPY,0.008500510030602
2017-03-30,NZD,0.65269890999282
2017-03-31,NOK,0.109057200501663
2017-03-24,RUB,0.016077170418006
2017-03-01,PHP,0.018776521837095
2017-03-30,IDR,6.9905627403e-05
2017-03-12,CNY,0.136358677866259
2017-03-13,PHP,0.018768416508699
2017-04-04,BRL,0.300174100978568
2017-04-16,EUR,1.0
2017-03-15,RON,0.220094640695499
2017-03-03,DKK,0.134524321997417
2017-04-30,BRL,0.288035025059047
2017-04-09,AUD,0.708064858741061
2017-03-22,BRL,0.301431801055011
2017-04-11,HRK,0.134698275862069
2017-04-22,ILS,0.254026317126454
2017-03-19,BGN,0.511299723898149
2017-03-07,NOK,0.11151628695371
2017-04-11,RUB,0.016541776255934
2017-04-30,PLN,0.236832133383858
2017-04-30,NZD,0.629049506196138
2017-03-16,BRL,0.298035943134742
2017-04-06,CNY,0.135912037729182
2017-03-20,TRY,0.257095845331139
2017-03-19,SGD,0.664231152441049
2017-04-28,NZD,0.629049506196138
2017-03-23,THB,0.026720106880428
2017-04-07,EUR,1.0
2017-03-12,CAD,0.698226504678118
2017-03-23,RUB,0.015961437167803
2017-04-23,RUB,0.016595857673925
2017-03-25,BRL,0.295464618111981
2017-04-24,SGD,0.661813368630046
2017-04-07,THB,0.027181299266105
2017-04-16,AUD,0.712910814857061
2017-04-06,CAD,0.698226504678118
2017-04-30,ILS,0.252601798524805
2017-04-29,RON,0.220516891593896
2017-03-17,HRK,0.134734572891404
2017-04-02,THB,0.027230149221218
2017-03-08,MXN,0.048515427906074
2017-04-23,IDR,7.0175438596e-05
2017-04-05,DKK,0.134453781512605
2017-03-28,PLN,0.234516076077015
2017-04-09,ZAR,0.068101334786162
2017-03-01,EUR,1.0
2017-04-15,ILS,0.257459900620478
2017-03-20,INR,0.014234672816045
2017-03-20,PLN,0.232655530221953
2017-04-13,AUD,0.712910814857061
2017-03-24,ZAR,0.074112502779219
2017-04-02,MYR,0.211358400439625
2017-04-30,RON,0.220516891593896
2017-04-19,HUF,0.003194377894905
2017-04-10,HKD,0.121670783194831
2017-03-16,AUD,0.714694110920526
2017-03-25,CZK,0.037008252840383
2017-03-09,BGN,0.511299723898149
2017-04-09,GBP,1.16859289729237
2017-03-14,PLN,0.230542235337514
2017-04-10,PHP,0.019050521984302
2017-04-03,AUD,0.715205263910742
2017-03-04,USD,0.946521533364884
2017-03-19,NOK,0.109862342484866
2017-04-17,SGD,0.673627484001347
2017-03-09,NOK,0.111715616726062
2017-03-09,KRW,0.000822097994081
2017-03-18,ILS,0.256548397855255
2017-04-08,MXN,0.050132852057954
2017-03-06,CAD,0.706164818868724
2017-04-29,DKK,0.134439320812551
2017-03-01,ZAR,0.072511057936335
2017-03-02,NOK,0.112843891760139
2017-03-21,INR,0.014228799089357
2017-03-25,HUF,0.003227784771311
2017-04-05,EUR,1.0
2017-03-10,HRK,0.13456776832813
2017-04-28,INR,0.014232444279981
2017-03-28,CAD,0.687947165657677
2017-04-15,AUD,0.712910814857061
2017-03-15,JPY,0.008187996397282
2017-04-08,RON,0.221346673159502
2017-03-28,AUD,0.701213098660683
2017-03-23,KRW,0.00082637798529
2017-03-30,SGD,0.666400106624017
2017-04-18,RUB,0.016698393614534
2017-04-05,MYR,0.211864406779661
2017-04-29,NZD,0.629049506196138
2017-04-13,HKD,0.120989207762668
2017-04-20,AUD,0.700378204230284
2017-03-24,BGN,0.511299723898149
2017-04-10,PLN,0.236428976735389
2017-03-23,HUF,0.003234571095873
2017-04-29,GBP,1.1838102115468849
2017-03-14,JPY,0.008173273395995
2017-04-03,ZAR,0.070224719101124
2017-04-22,GBP,1.194457716196847
2017-03-05,RUB,0.016112659716739
2017-04-09,MXN,0.050132852057954
2017-03-26,RUB,0.016211133806698
2017-03-14,SGD,0.663437935381145
2017-03-23,NZD,0.651338500618772
2017-03-13,CZK,0.037008252840383
2017-04-19,HRK,0.134285867755277
2017-03-27,HRK,0.134774522224319
2017-03-16,THB,0.026700130830641
2017-03-11,USD,0.942862530643032
2017-04-22,ARS,0.060861983401963
2017-03-26,CHF,0.933009889904833
2017-04-16,MYR,0.213196887325445
2017-04-19,MXN,0.049952545082172
2017-03-14,NZD,0.64998375040624
2017-04-21,CAD,0.693818080899188
2017-03-21,HRK,0.135034771453649
2017-03-26,THB,0.026771611383289
2017-03-31,INR,0.014349055114721
2017-03-31,PLN,0.236781663627969
2017-04-17,RON,0.221292792493748
2017-04-24,AUD,0.697836706210747
2017-03-21,ZAR,0.073372954728887
2017-04-18,MXN,0.050436273768094
2017-03-25,TRY,0.255258321421278
2017-04-04,CAD,0.702790076604118
2017-04-03,CHF,0.934928945400149
2017-03-04,DKK,0.134522512342441
2017-03-25,CHF,0.933009889904833
2017-03-24,AUD,0.707613925842061
2017-04-05,BRL,0.29944602485402
2017-04-07,INR,0.014624586855421
2017-04-27,RUB,0.01610876639067
2017-03-25,CAD,0.692137320044297
2017-03-19,CHF,0.93475415965601
2017-04-04,KRW,0.000839560070523
2017-04-25,AUD,0.6918500069185
2017-03-13,SGD,0.664849411608271
2017-04-22,SEK,0.103745201784417
2017-03-07,RON,0.220799293442261
2017-03-11,SEK,0.104408110422018
2017-04-26,USD,0.918020747268888
2017-04-28,HUF,0.00320122927204
2017-03-28,USD,0.918357975939021
2017-04-06,BRL,0.30091478093404
2017-03-11,ZAR,0.071083309638897
2017-03-18,GBP,1.1511718929870609
2017-03-02,GBP,1.168907071887785
2017-03-07,RUB,0.016244314489929
2017-03-09,USD,0.94732853353543
2017-03-05,ILS,0.255538803567322
2017-03-28,BRL,0.294290759270159
2017-04-12,JPY,0.008604371020478
2017-04-12,RON,0.22121446742617
2017-04-25,RON,0.220970058557066
2017-04-16,INR,0.014600245284121
2017-04-14,NZD,0.658848333113717
2017-04-23,BGN,0.511299723898149
2017-04-09,JPY,0.008500510030602
2017-03-20,PHP,0.018564241557911
2017-03-04,CHF,0.936768149882904
2017-03-27,IDR,6.944926731e-05
2017-03-30,ZAR,0.070811499787565
2017-04-21,USD,0.93475415965601
2017-04-23,BRL,0.296885669328741
2017-04-19,BGN,0.511299723898149
2017-04-16,NZD,0.658848333113717
2017-03-31,TRY,0.255630256397147
2017-03-27,BRL,0.295464618111981
2017-03-16,PHP,0.018730099269526
2017-04-12,MXN,0.050155481994182
2017-03-30,SEK,0.104706559865976
2017-04-06,ZAR,0.06792094002581
2017-04-28,HRK,0.133976420150054
2017-04-03,HKD,0.120374605773166
2017-04-08,PHP,0.018861162979309
2017-04-18,TRY,0.253659031529818
2017-04-09,PLN,0.236691992709887
2017-03-12,CHF,0.930838685655776
2017-03-11,JPY,0.008168599901977
2017-04-04,HUF,0.003239600881171
2017-03-21,RON,0.219274202390089
2017-04-04,TRY,0.257526203291185
2017-03-05,ZAR,0.072348430039068
2017-04-10,BGN,0.511299723898149
2017-04-30,PHP,0.01826050435513
2017-04-08,INR,0.014624586855421
2017-03-15,MYR,0.211403082256939
2017-03-21,JPY,0.008251505899827
2017-04-28,BRL,0.288035025059047
2017-04-21,KRW,0.000822977532713
2017-04-14,JPY,0.008619946556331
2017-03-31,DKK,0.134433898851934
2017-03-02,PLN,0.232785511429769
2017-03-20,EUR,1.0
2017-03-20,THB,0.026725105564167
2017-04-04,HKD,0.120688406671655
2017-04-12,CAD,0.708516366728071
2017-04-07,PLN,0.236691992709887
2017-03-09,CZK,0.037008252840383
2017-04-24,PLN,0.235737859500236
2017-03-19,GBP,1.1511718929870609
2017-03-27,PHP,0.018431820695248
2017-03-19,INR,0.014234672816045
2017-04-30,ZAR,0.069013112491373
2017-04-11,BGN,0.511299723898149
2017-04-22,IDR,7.0175438596e-05
2017-04-16,ILS,0.257459900620478
2017-04-08,MYR,0.212116069913457
2017-03-30,RON,0.219476329477866
2017-04-27,TRY,0.25775188803258
2017-03-16,CAD,0.699741095794556
2017-04-27,IDR,6.9027403879e-05
2017-03-23,INR,0.014144271570014
2017-04-11,MXN,0.0503956055032
2017-04-07,NZD,0.655780706931602
2017-03-14,USD,0.937822376441902
2017-03-29,HKD,0.118559267777962
2017-03-04,JPY,0.008276090374907
2017-03-15,TRY,0.251407884151247
2017-04-15,THB,0.027395008629428
2017-03-23,EUR,1.0
2017-04-04,CNY,0.136197104449559
2017-03-27,KRW,0.000826173165896
2017-03-01,THB,0.027062134661182
2017-04-21,INR,0.014468011227177
2017-04-03,BGN,0.511299723898149
2017-03-19,MXN,0.048612123863692
2017-04-27,NZD,0.631632137443153
2017-03-26,INR,0.014153880994169
2017-04-27,THB,0.026546323334218
2017-03-14,AUD,0.710328171615286
2017-03-16,MYR,0.211604384442846
2017-03-11,CHF,0.930838685655776
2017-04-19,PLN,0.236082912318806
2017-04-02,CAD,0.701016473887136
2017-03-03,HKD,0.122515988336478
2017-03-18,SGD,0.664231152441049
2017-04-26,SEK,0.104597039903771
2017-03-01,KRW,0.000837380673254
2017-03-01,INR,0.014158490138612
2017-04-03,PLN,0.236602389684136
2017-04-21,HKD,0.120206755619666
2017-04-18,HKD,0.120423892100193
2017-03-20,BGN,0.511299723898149
2017-04-17,DKK,0.134451973754975
2017-04-15,CNY,0.136561650757234
2017-03-29,TRY,0.254110233019084
2017-04-05,SEK,0.104058272632674
2017-03-02,SEK,0.10496704034932999
2017-04-13,EUR,1.0
2017-04-23,NZD,0.654578778555999
2017-03-13,MXN,0.047691720717283
2017-03-14,BGN,0.511299723898149
2017-03-14,HUF,0.003200716960599
2017-04-25,BRL,0.29129890180314
2017-03-17,THB,0.026641091219096
2017-04-09,BGN,0.511299723898149
2017-04-05,SGD,0.671005837750788
2017-03-12,SEK,0.104408110422018
2017-04-02,RUB,0.016580173428614
2017-04-27,USD,0.919033177097693
2017-04-19,CNY,0.135405947029194
2017-04-11,INR,0.01460813673216
2017-03-08,BRL,0.303269242433432
2017-03-27,GBP,1.15473441108545
2017-03-17,RUB,0.016082341588935
2017-04-16,IDR,7.0962248084e-05
2017-04-07,USD,0.940733772342427
2017-04-10,RUB,0.016528106044328
2017-04-12,TRY,0.256640574874888
2017-04-16,THB,0.027395008629428
2017-04-27,HKD,0.118102796674225
2017-04-24,IDR,6.942034016e-05
2017-03-12,PLN,0.231165768972931
2017-03-30,AUD,0.711237553342817
2017-03-06,ILS,0.255538803567322
2017-04-13,ZAR,0.069541029207232
2017-04-20,THB,0.027077522948201
2017-03-13,HKD,0.121407845374968
2017-03-23,SGD,0.66190097961345
2017-04-27,HUF,0.003204820049354
2017-03-10,CHF,0.933794005042488
2017-04-07,GBP,1.16859289729237
2017-04-30,IDR,6.8638890796e-05
2017-03-15,PLN,0.231369010434742
2017-03-20,ZAR,0.072992700729927
2017-03-16,PLN,0.231449335740406
2017-04-15,EUR,1.0
2017-04-02,HKD,0.120374605773166
2017-03-11,ILS,0.255846082996469
2017-03-03,SGD,0.673854447439353
2017-03-11,SGD,0.664849411608271
2017-04-11,KRW,0.000823384108687
2017-04-18,INR,0.014491073498725
2017-04-21,PLN,0.234044047089662
2017-04-03,HRK,0.134291277781508
2017-03-11,HRK,0.134789055128724
2017-04-03,EUR,1.0
2017-04-11,CHF,0.934928945400149
2017-03-23,BGN,0.511299723898149
2017-04-20,ZAR,0.070781426953567
2017-04-18,USD,0.936154278225051
2017-03-13,ILS,0.255846082996469
2017-03-01,MYR,0.212535333999277
2017-04-18,MYR,0.212255640693651
2017-03-30,HUF,0.003229765519023
2017-04-09,RUB,0.016531111551941
2017-04-25,SEK,0.104155817102385
2017-03-20,IDR,6.9788540722e-05
2017-03-08,PLN,0.232153221125943
2017-04-20,ARS,0.060252281121237
2017-03-18,CZK,0.037008252840383
2017-04-05,PLN,0.234901693641211
2017-04-11,NZD,0.654236179260713
2017-03-17,NZD,0.651423360041691
2017-04-02,ILS,0.257380382467248
2017-04-18,IDR,7.0407660353e-05
2017-04-05,AUD,0.70876745339854
2017-03-25,PLN,0.234219463637428
2017-04-30,SEK,0.103822753794722
2017-04-06,AUD,0.709068992412962
2017-04-20,HRK,0.134138162307176
2017-04-30,USD,0.914913083257091
2017-03-23,HKD,0.119119941869468
2017-03-07,BGN,0.511299723898149
2017-03-08,NOK,0.111803047751082
2017-03-03,IDR,7.1199715201e-05
2017-04-25,HKD,0.117985747321724
2017-03-03,BGN,0.511299723898149
2017-04-02,INR,0.014410052452591
2017-03-06,SEK,0.104849279161206
2017-04-26,GBP,1.177814682637834
2017-03-05,THB,0.02699711130909
2017-04-25,PHP,0.018491808128999
2017-03-31,CZK,0.03700688328029
2017-04-28,RUB,0.016101503880462
2017-04-12,DKK,0.134464629079321
2017-03-28,TRY,0.25508251919496
2017-04-06,RUB,0.016651125616092
2017-03-05,CNY,0.13722691843232
2017-03-03,INR,0.014245014245014
2017-04-14,THB,0.027395008629428
2017-03-10,HUF,0.00321398727261
2017-04-12,EUR,1.0
2017-03-22,KRW,0.000827814569536
2017-03-09,AUD,0.715922107674685
2017-04-19,THB,0.027112761977063
2017-03-07,CAD,0.70506944934076
2017-04-25,INR,0.01428306171711
2017-03-07,KRW,0.000817795224076
2017-04-01,SEK,0.104907576425169
2017-03-20,CNY,0.134878137602676
2017-03-07,SGD,0.669523299410819
2017-03-24,IDR,6.9618490671e-05
2017-03-06,HKD,0.121905133425169
2017-03-10,THB,0.026818998578593
2017-04-10,HRK,0.134498991257566
2017-04-15,PHP,0.019017191541153
2017-04-25,EUR,1.0
2017-03-12,MYR,0.211725349876141
2017-03-27,SEK,0.104851477881581
2017-04-26,THB,0.026632576968147
2017-03-19,NZD,0.652826739783262
2017-04-28,AUD,0.683573723426071
2017-04-09,NZD,0.655780706931602
2017-03-28,HKD,0.118225669157287
2017-03-21,MYR,0.210110518132538
2017-03-24,SEK,0.105157999894842
2017-03-12,ILS,0.255846082996469
2017-04-12,GBP,1.1786892975011789
2017-03-20,KRW,0.000824266402901
2017-04-10,ZAR,0.068064252654506
2017-03-10,CNY,0.137151634847487
2017-04-20,NZD,0.653552055421214
2017-04-16,RUB,0.016684741803621
2017-03-20,MXN,0.048612123863692
2017-03-01,CAD,0.715102974828375
2017-04-28,ARS,0.059468401256853
2017-03-25,MXN,0.048952418249462
2017-03-15,DKK,0.134520702736151
2017-04-03,HUF,0.003250763929523
2017-03-31,HKD,0.11983223487118
2017-04-13,RON,0.221292792493748
2017-03-18,HRK,0.134892692862828
2017-04-09,ARS,0.061209441017634
2017-03-26,PHP,0.018431820695248
2017-04-07,BGN,0.511299723898149
2017-04-21,TRY,0.256403681956873
2017-04-17,EUR,1.0
2017-04-05,MXN,0.049674631165864
2017-04-20,RUB,0.016543691890282
2017-04-01,KRW,0.000837170364169
2017-03-16,USD,0.941442289587648
2017-04-27,CZK,0.037123658907822
2017-03-12,RON,0.21982853374368
2017-03-05,PLN,0.232520287395075
2017-03-13,KRW,0.000815461143277
2017-04-19,INR,0.01444189304334
2017-03-18,BGN,0.511299723898149
2017-04-08,EUR,1.0
2017-04-26,HRK,0.133824021411843
2017-04-20,HUF,0.003189792663477
2017-03-07,PLN,0.232067020955652
2017-03-26,TRY,0.255258321421278
2017-03-29,IDR,6.924248719e-05
2017-03-29,BGN,0.511299723898149
2017-03-06,RON,0.220614189904695
2017-04-19,CAD,0.693721817551162
2017-03-04,EUR,1.0
2017-04-04,MXN,0.050052555182942
2017-03-01,CHF,0.939143501126972
2017-03-09,DKK,0.134526131701083
2017-03-27,RON,0.219649878094318
2017-03-24,RON,0.219514872132587
2017-03-09,RUB,0.01619249639717
2017-03-14,RUB,0.015884361845763
2017-04-26,NZD,0.632671137542705
2017-04-20,SEK,0.10394686236396
2017-04-15,KRW,0.000831324299609
2017-03-24,DKK,0.134488138146215
2017-04-23,HUF,0.003182888789866
2017-03-11,MYR,0.211725349876141
2017-03-28,HRK,0.13441763559379
2017-04-01,INR,0.014410052452591
2017-03-25,BGN,0.511299723898149
2017-04-19,MYR,0.211909302818394
2017-04-05,CHF,0.93694368968425
2017-03-22,INR,0.014185805682834
2017-04-17,NOK,0.109850274076434
2017-04-14,HRK,0.134671065921487
2017-03-14,HRK,0.13452975125449
2017-04-16,CZK,0.037447573397244
2017-04-12,CNY,0.136817622109728
2017-03-03,EUR,1.0
2017-03-20,HUF,0.003240965807811
2017-04-10,SGD,0.672043010752688
2017-04-21,EUR,1.0
2017-04-16,HUF,0.003199488081907
2017-04-09,INR,0.014624586855421
2017-04-06,GBP,1.168360789811894
2017-03-18,CHF,0.93475415965601
2017-03-26,BRL,0.295464618111981
2017-04-30,AUD,0.683573723426071
2017-03-17,ZAR,0.07338372349013
2017-03-05,CAD,0.706164818868724
2017-04-19,DKK,0.134432091628914
2017-03-03,SEK,0.105047534009139
2017-04-28,PLN,0.236832133383858
2017-03-14,KRW,0.000817661488144
2017-03-19,CNY,0.134878137602676
2017-04-10,MXN,0.050609848676552
2017-04-22,RUB,0.016595857673925
2017-04-23,CNY,0.135747834822035
2017-03-05,INR,0.014165911151405
2017-03-10,MYR,0.212756903961534
2017-04-29,MYR,0.21076148123169
2017-04-28,ILS,0.252601798524805
2017-04-18,SGD,0.669478476266988
2017-04-22,MXN,0.049637645190112
2017-04-06,HKD,0.120672386537789
2017-04-20,CZK,0.037165049986992
2017-03-11,THB,0.026626903823623
2017-03-26,RON,0.219649878094318
2017-04-04,PHP,0.018706973959892
2017-03-23,CZK,0.037008252840383
2017-03-27,PLN,0.234219463637428
2017-03-16,ILS,0.257400257400257
2017-04-29,SEK,0.103822753794722
2017-03-22,DKK,0.13449356448294
2017-03-31,PHP,0.018564930845633
2017-04-05,CNY,0.136293630998623
2017-04-19,KRW,0.000818062827225
2017-03-22,TRY,0.256594478086832
2017-03-23,RON,0.219346347883308
2017-03-05,BGN,0.511299723898149
2017-04-26,RON,0.220565530018969
2017-03-24,HKD,0.11936022917164
2017-03-01,SEK,0.10452051215051
2017-04-06,IDR,7.0387836982e-05
2017-03-22,JPY,0.008225037012667
2017-03-31,KRW,0.000833958802435
2017-04-02,PHP,0.018636550001864
2017-04-21,THB,0.027181299266105
2017-03-25,RUB,0.016211133806698
2017-04-15,JPY,0.008619946556331
2017-03-27,CAD,0.692137320044297
2017-03-13,JPY,0.008168599901977
2017-04-03,RUB,0.016580173428614
2017-03-18,HKD,0.119973126019772
2017-04-28,THB,0.026465528648935
2017-03-03,THB,0.027170959678296
2017-03-06,HRK,0.134838126828742
2017-04-23,GBP,1.194457716196847
2017-03-30,KRW,0.000836190316916
2017-04-27,MYR,0.211367335292004
2017-04-17,THB,0.027395008629428
2017-04-19,TRY,0.254504733788048
2017-04-03,KRW,0.000837170364169
2017-03-05,HUF,0.003229139757169
2017-03-07,NZD,0.663173950527223
2017-04-05,CAD,0.698324022346369
2017-04-13,PHP,0.019017191541153
2017-04-06,KRW,0.000828912466844
2017-03-18,MYR,0.209978162271124
2017-03-17,JPY,0.008227067050596
2017-03-30,PHP,0.018507208557733
2017-04-10,THB,0.027282896352277
2017-04-19,SEK,0.103955507042986
2017-03-15,INR,0.014302673169615
2017-03-16,HKD,0.121172464769106
2017-03-04,HRK,0.134838126828742
2017-04-14,IDR,7.0962248084e-05
2017-03-20,JPY,0.008231130134167
2017-04-14,PHP,0.019017191541153
2017-03-28,INR,0.014120903172967
2017-04-11,HKD,0.121213590467763
2017-04-26,ARS,0.05955844559604
2017-03-08,USD,0.94553706505295
2017-04-09,HRK,0.134246207544637
2017-04-18,KRW,0.000819000819001
2017-04-10,INR,0.014643003572893
2017-03-14,HKD,0.12076711269987
2017-04-17,CAD,0.710782571611344
2017-03-14,INR,0.014174746272042
2017-03-08,KRW,0.000822571358065
2017-04-06,JPY,0.008458090163241
2017-03-20,NZD,0.652826739783262
2017-04-19,CHF,0.935453695042095
2017-03-02,HUF,0.003247280402663
2017-03-31,USD,0.931358852565894
2017-03-26,KRW,0.000826173165896
2017-03-10,USD,0.947777461851957
2017-04-19,HKD,0.119908389990048
2017-04-28,ZAR,0.069013112491373
2017-04-22,HUF,0.003182888789866
2017-04-26,KRW,0.000811754200828
2017-04-08,CAD,0.701459034792368
2017-04-02,USD,0.935366195865681
2017-04-11,CNY,0.136507589821994
2017-03-18,TRY,0.257095845331139
2017-04-20,IDR,6.9851913942e-05
2017-03-08,CNY,0.137031352773515
2017-03-07,CZK,0.037008252840383
2017-03-24,JPY,0.008378016085791
2017-03-28,SEK,0.10470875260463
2017-03-04,PLN,0.232520287395075
2017-03-07,AUD,0.717514529669226
2017-03-25,NOK,0.108940768903947
2017-04-21,BRL,0.296885669328741
2017-04-09,SGD,0.671050865655617
2017-04-10,IDR,7.1184510251e-05
2017-03-11,CAD,0.698226504678118
2017-03-16,MXN,0.04807461179751
2017-03-13,ZAR,0.071083309638897
2017-03-29,PHP,0.018353001633417
2017-03-24,SGD,0.662866233594061
2017-04-03,CNY,0.135792075174493
2017-04-20,EUR,1.0
2017-03-20,ILS,0.256548397855255
2017-03-04,PHP,0.018798052521759
2017-03-17,MXN,0.048835278605264
2017-04-29,CHF,0.923275782476226
2017-04-17,JPY,0.008619946556331
2017-04-22,PHP,0.01875961430233
2017-03-09,HRK,0.134747281473596
2017-04-26,BRL,0.289678746270386
2017-03-14,PHP,0.018628565041635
2017-03-28,JPY,0.008338197281748
2017-04-15,HUF,0.003199488081907
2017-04-23,THB,0.027181299266105
2017-03-14,ILS,0.256351098464457
2017-03-23,NOK,0.109333828980025
2017-03-06,AUD,0.716537689882488
2017-03-28,HUF,0.003223622707198
2017-03-23,BRL,0.298650101541035
2017-04-11,HUF,0.003211303789338
2017-04-05,JPY,0.008507018290089
2017-03-29,ZAR,0.071164247082266
2017-04-12,PLN,0.2353771919501
2017-03-08,CHF,0.931966449207829
2017-04-27,SEK,0.103902580940111
2017-04-07,DKK,0.134475478396514
2017-04-06,THB,0.027097333622372
2017-04-25,IDR,6.9151510961e-05
2017-04-26,MYR,0.211162024621492
2017-03-16,SGD,0.666622225184988
2017-04-21,JPY,0.008567511994517
2017-04-22,BRL,0.296885669328741
2017-03-25,DKK,0.134448358385544
2017-04-29,ZAR,0.069013112491373
2017-04-29,ILS,0.252601798524805
2017-04-14,CHF,0.935803855511885
2017-03-23,ZAR,0.073469987510102
2017-03-31,CNY,0.135184459194571
2017-04-21,GBP,1.194457716196847
2017-04-05,HKD,0.120824019815139
2017-03-02,RON,0.221204680691043
2017-04-09,CNY,0.13639215472326
2017-03-22,THB,0.026713682748304
2017-03-08,BGN,0.511299723898149
2017-03-21,BGN,0.511299723898149
2017-04-28,JPY,0.008212877792378
2017-04-03,PHP,0.018636550001864
2017-03-31,CAD,0.698324022346369
2017-04-24,CNY,0.13388493928318
2017-03-09,HUF,0.003218538783392
2017-03-16,RON,0.220152786033507
2017-04-27,PHP,0.018327102118613
2017-04-25,NZD,0.639549756971092
2017-03-30,CNY,0.135020185517735
2017-03-10,ZAR,0.071438776968138
2017-04-14,TRY,0.256469441666026
2017-04-20,SGD,0.666266906522753
2017-03-03,BRL,0.305932021904733
2017-04-07,RUB,0.016531111551941
2017-04-11,USD,0.94197437829691
2017-04-29,AUD,0.683573723426071
2017-03-01,CNY,0.137400384721077
2017-04-22,TRY,0.256403681956873
2017-04-16,HKD,0.120989207762668
2017-04-04,CHF,0.936154278225051
2017-04-14,DKK,0.134451973754975
2017-03-26,ZAR,0.074172971369233
2017-03-16,JPY,0.008212203334155
2017-03-11,NOK,0.109403205513922
2017-03-11,PHP,0.018768416508699
2017-03-16,CZK,0.037008252840383
2017-03-05,TRY,0.253884431806642
2017-04-12,NZD,0.652741514360313
2017-03-08,SEK,0.105022159675692
2017-04-16,JPY,0.008619946556331
2017-03-18,CNY,0.134878137602676
2017-03-26,CNY,0.134397763621213
2017-03-23,CAD,0.691658597316365
2017-03-18,INR,0.014234672816045
2017-04-26,JPY,0.008240626287598
2017-04-12,USD,0.942951438000943
2017-03-12,KRW,0.000815461143277
2017-04-02,DKK,0.13444655077374
2017-04-21,MXN,0.049637645190112
2017-04-20,DKK,0.134442935695944
2017-03-13,INR,0.014149875481096
2017-04-19,SGD,0.667244945619537
2017-04-24,CAD,0.686341798215511
2017-04-20,BGN,0.511299723898149
2017-04-19,BRL,0.299688324142891
2017-03-07,CHF,0.935103796521414
2017-04-07,ZAR,0.068101334786162
2017-03-21,NZD,0.654835963591121
2017-03-23,IDR,6.942034016e-05
2017-03-17,TRY,0.256213169356905
2017-04-07,PHP,0.018861162979309
2017-03-21,HUF,0.003240020736133
2017-03-25,USD,0.925497454881999
2017-03-12,GBP,1.1461318051575931
2017-04-24,RUB,0.016477179106937
2017-03-13,PLN,0.231165768972931
2017-04-29,TRY,0.258024563938487
2017-04-12,ARS,0.062036629031319
2017-03-03,RUB,0.01621271076524
2017-03-08,JPY,0.008291186468784
2017-03-28,SGD,0.66010957818998
2017-04-23,TRY,0.256403681956873
2017-04-17,SEK,0.10436234606554
2017-04-21,HRK,0.134093194770365
2017-03-18,THB,0.026725105564167
2017-03-17,INR,0.014261266400456
2017-04-08,ZAR,0.068101334786162
2017-03-24,CAD,0.695071939945784
2017-04-30,INR,0.014232444279981
2017-04-05,RON,0.220060736763347
2017-04-24,ZAR,0.071103526734926
2017-04-10,CHF,0.936154278225051
2017-04-18,AUD,0.706464146944543
2017-03-04,CZK,0.037008252840383
2017-03-13,THB,0.026626903823623
2017-03-05,MXN,0.048160277403198
2017-03-02,TRY,0.260159217441074
2017-03-17,HUF,0.003225390272223
2017-03-01,IDR,7.0761392584e-05
2017-04-02,HRK,0.134291277781508
2017-04-01,ZAR,0.070224719101124
2017-04-21,SEK,0.103745201784417
2017-03-12,BRL,0.29678874577076
2017-04-23,JPY,0.008567511994517
2017-03-25,ZAR,0.074172971369233
2017-04-28,CHF,0.923275782476226
2017-04-26,AUD,0.68686036128855
2017-04-15,RON,0.221292792493748
2017-04-03,USD,0.935366195865681
2017-03-02,JPY,0.008344459279039
2017-04-24,USD,0.921828908554572
2017-03-17,AUD,0.717102904266762
2017-03-19,THB,0.026725105564167
2017-03-14,DKK,0.134517083669626
2017-03-17,ILS,0.256950511331518
2017-03-26,NOK,0.108940768903947
2017-03-16,EUR,1.0
2017-03-31,THB,0.027062867040134
2017-04-15,RUB,0.016684741803621
2017-03-16,BGN,0.511299723898149
2017-04-18,PHP,0.018845168098899
2017-04-12,SEK,0.104653961675719
2017-04-14,BRL,0.300507858280494
2017-03-29,GBP,1.1566711005725521
2017-04-01,CNY,0.135792075174493
2017-04-08,SEK,0.10420682971562
2017-03-07,JPY,0.008295313148071
2017-03-08,HKD,0.121773015099854
2017-04-04,SGD,0.67118598563662
2017-03-31,HUF,0.003232584451269
2017-03-13,GBP,1.1461318051575931
2017-03-22,CZK,0.037008252840383
2017-03-22,NOK,0.10958543828696
2017-04-12,INR,0.014579384749964
2017-03-16,NOK,0.109465480060863
2017-03-29,BRL,0.29457684036881
2017-03-31,GBP,1.1603620329542821
2017-03-22,SEK,0.105348545663327
2017-04-15,DKK,0.134451973754975
2017-04-08,GBP,1.16859289729237
2017-03-04,MXN,0.048160277403198
2017-03-21,EUR,1.0
2017-04-30,KRW,0.000804052424218
2017-04-25,KRW,0.000814133355044
2017-04-12,ZAR,0.068880011020802
2017-04-10,HUF,0.003211819495744
2017-04-11,JPY,0.00852079072938
2017-04-28,RON,0.220516891593896
2017-03-08,INR,0.014190435646374
2017-04-16,RON,0.221292792493748
2017-04-01,AUD,0.715205263910742
2017-03-26,HKD,0.119142649494239
2017-04-10,ARS,0.061528306528116
2017-03-03,GBP,1.168770453482936
2017-03-04,HUF,0.003229139757169
2017-03-24,EUR,1.0
2017-03-08,GBP,1.15326951908661
2017-04-22,NOK,0.108133826423582
2017-04-10,KRW,0.000827677536832
2017-04-20,PHP,0.018718879862229
2017-04-30,RUB,0.016101503880462
2017-03-25,INR,0.014153880994169
2017-04-13,CHF,0.935803855511885
2017-03-24,BRL,0.297548202808855
2017-04-22,CZK,0.037129172390747
2017-04-27,ILS,0.252206809583859
2017-03-22,AUD,0.715870856897416
2017-04-23,INR,0.014468011227177
2017-04-23,CHF,0.936329588014981
2017-04-07,JPY,0.008500510030602
2017-03-15,ILS,0.256759185559863
2017-04-06,PHP,0.01869543270579
2017-03-15,BGN,0.511299723898149
2017-03-27,RUB,0.016211133806698
2017-04-24,SEK,0.104356900600052
2017-04-29,INR,0.014232444279981
2017-03-17,DKK,0.134511655434943
2017-04-04,GBP,1.172882946281961
2017-04-27,JPY,0.008246062505154
2017-04-27,GBP,1.184553423359394
2017-04-10,DKK,0.134475478396514
2017-03-09,NZD,0.657073395098232
2017-03-30,THB,0.02701899435303
2017-03-23,CHF,0.93335822288594394
2017-03-01,PLN,0.231760452396403
2017-03-13,CAD,0.698226504678118
2017-03-14,RON,0.219490781387182
2017-03-25,RON,0.219649878094318
2017-04-27,RON,0.220809044338456
2017-04-11,THB,0.027228666339923
2017-03-02,INR,0.014205352576851
2017-03-12,DKK,0.134533371002677
2017-04-03,JPY,0.008364700961941
2017-04-23,AUD,0.703284337857796
2017-03-29,SGD,0.66063288630508
2017-03-29,CHF,0.935191246609932
2017-03-29,THB,0.026758716651949
2017-03-08,DKK,0.134517083669626
2017-04-03,NZD,0.65321052975374
2017-03-14,BRL,0.297539349578982
2017-03-03,ILS,0.257665550115949
2017-03-10,IDR,7.0741369553e-05
2017-03-27,DKK,0.134448358385544
2017-04-17,MYR,0.213196887325445
2017-03-13,USD,0.942862530643032
2017-03-20,CHF,0.93475415965601
2017-03-04,RUB,0.016112659716739
2017-04-20,NOK,0.108554059921841
2017-04-06,INR,0.014531715469011
2017-04-07,AUD,0.708064858741061
2017-04-05,PHP,0.018697879660447
2017-03-04,HKD,0.121905133425169
2017-04-24,GBP,1.178828244724744
2017-03-05,HKD,0.121905133425169
2017-03-27,MYR,0.209205020920502
2017-04-19,CZK,0.037321788460103
2017-04-14,AUD,0.712910814857061
2017-04-11,PLN,0.235771207620125
2017-03-21,PLN,0.233535730966838
2017-03-20,SEK,0.1056970721911
2017-03-12,HRK,0.134789055128724
2017-03-11,AUD,0.709471443774388
2017-04-08,ARS,0.061209441017634
2017-03-20,GBP,1.1511718929870609
2017-04-15,SEK,0.10436234606554
2017-03-08,AUD,0.718390804597701
2017-04-14,INR,0.014600245284121
2017-04-12,BGN,0.511299723898149
2017-03-30,JPY,0.008391373667869
2017-04-22,HRK,0.134093194770365
2017-03-26,DKK,0.134448358385544
2017-04-20,INR,0.014401336444022
2017-03-12,PHP,0.018768416508699
2017-04-27,KRW,0.00081017580815
2017-03-21,CAD,0.696427327808343
2017-04-14,KRW,0.000831324299609
2017-04-04,ILS,0.258464719565779
2017-03-18,SEK,0.1056970721911
2017-03-16,SEK,0.104599228057697
2017-04-16,BGN,0.511299723898149
2017-04-05,KRW,0.000834654870211
2017-04-14,GBP,1.179760036808513
2017-04-18,ILS,0.255414793624847
2017-04-26,CHF,0.922934933087217
2017-03-31,NZD,0.653423941453215
2017-03-19,HKD,0.119973126019772
2017-03-01,RON,0.221229149152692
2017-03-27,CHF,0.933009889904833
2017-03-27,CNY,0.134397763621213
2017-03-11,DKK,0.134533371002677
2017-03-21,PHP,0.018578382194479
2017-03-05,AUD,0.716537689882488
2017-04-17,CZK,0.037447573397244
2017-03-02,CAD,0.712047849615494
2017-03-19,BRL,0.299922020274729
2017-04-24,MYR,0.209555741827326
2017-04-28,NOK,0.107246656585481
2017-03-19,MYR,0.209978162271124
2017-04-19,AUD,0.701508242721852
2017-03-06,CHF,0.936768149882904
2017-04-05,NOK,0.108944329447652
2017-04-07,CNY,0.13639215472326
2017-04-15,HRK,0.134671065921487
2017-03-07,PHP,0.018778990065914
2017-04-14,USD,0.940733772342427
2017-03-02,RUB,0.016281606668946
2017-03-22,HRK,0.134992845379195
2017-03-08,RON,0.220341970738586
2017-04-09,HUF,0.003222064699059
2017-04-01,PHP,0.018636550001864
2017-04-10,ILS,0.258164450755131
2017-03-06,PHP,0.018798052521759
2017-03-09,PLN,0.231857175979597
2017-03-23,USD,0.925326177477561
2017-04-08,CHF,0.935016362786349
2017-03-07,HKD,0.121602723901015
2017-04-06,USD,0.937558597412338
2017-04-28,MXN,0.048192771084337
2017-03-04,ZAR,0.072348430039068
2017-03-18,JPY,0.008231130134167
2017-03-30,USD,0.930405656866394
2017-03-24,CHF,0.934579439252336
2017-04-02,HUF,0.003250763929523
2017-04-09,ILS,0.257838283828383
2017-04-21,ILS,0.254026317126454
2017-04-23,EUR,1.0
2017-03-17,KRW,0.000826993053258
2017-04-14,MXN,0.050591925528686
2017-04-19,NZD,0.654321795459007
2017-04-01,NOK,0.109071474537264
2017-03-15,MXN,0.047968532642586
2017-04-19,JPY,0.008553588230263
2017-03-11,MXN,0.047691720717283
2017-04-03,NOK,0.109071474537264
2017-03-05,RON,0.220614189904695
2017-04-17,BRL,0.300507858280494
2017-03-20,CAD,0.699496362618914
2017-04-18,EUR,1.0
2017-03-11,KRW,0.000815461143277
2017-03-04,NZD,0.666178136033575
2017-04-18,BRL,0.301259263722359
2017-04-20,CHF,0.934492103541725
2017-03-26,SGD,0.661113314822161
2017-04-02,KRW,0.000837170364169
2017-03-31,HRK,0.134264232008593
2017-03-15,BRL,0.297698788365931
2017-03-15,GBP,1.1420348777451661
2017-04-01,NZD,0.65321052975374
2017-04-14,CAD,0.710782571611344
2017-03-23,HRK,0.134974624770543
2017-03-14,CAD,0.696864111498258
2017-03-15,CNY,0.136034062929358
2017-03-26,USD,0.925497454881999
2017-03-08,CZK,0.037008252840383
2017-04-28,KRW,0.000804052424218
2017-03-04,SEK,0.104849279161206
2017-03-30,NOK,0.108804456630544
2017-03-21,BRL,0.299257840555423
2017-03-17,CHF,0.935016362786349
2017-04-06,BGN,0.511299723898149
2017-04-16,HRK,0.134671065921487
2017-03-10,SGD,0.667289470172161
2017-03-14,EUR,1.0
2017-03-04,GBP,1.1580105378958949
2017-03-11,HKD,0.121407845374968
2017-04-16,TRY,0.256469441666026
2017-03-09,PHP,0.018797699161623
2017-04-29,HRK,0.133976420150054
2017-04-30,SGD,0.655393891728929
2017-03-22,ILS,0.256108180095272
2017-04-18,CNY,0.136010010336761
2017-04-07,MYR,0.212116069913457
2017-03-24,TRY,0.256160663968441
2017-03-28,MXN,0.048799531524497
2017-04-19,RUB,0.016593103906017
2017-03-01,BRL,0.304785126485827
2017-04-19,EUR,1.0
2017-03-08,NZD,0.659935326338019
2017-04-30,ARS,0.059468401256853
2017-04-26,BGN,0.511299723898149
2017-04-19,NOK,0.109256183900009
2017-04-01,CHF,0.934928945400149
2017-03-13,BGN,0.511299723898149
2017-03-17,CZK,0.037008252840383
2017-04-02,CHF,0.934928945400149
2017-04-09,DKK,0.134475478396514
2017-04-25,SGD,0.659195781147001
2017-03-29,NZD,0.647081661705707
2017-04-30,MXN,0.048192771084337
2017-04-16,KRW,0.000831324299609
2017-04-07,MXN,0.050132852057954
2017-04-25,MYR,0.210304942166141
2017-04-04,IDR,7.0407660353e-05
2017-04-06,HRK,0.134048257372654
2017-04-20,HKD,0.119688809096349
2017-03-26,PLN,0.234219463637428
2017-04-25,CHF,0.923702198411232
2017-03-11,INR,0.014149875481096
2017-04-17,INR,0.014600245284121
2017-04-25,HUF,0.003208213025345
2017-03-17,BRL,0.300806160510167
2017-04-26,HUF,0.003205847465778
2017-03-23,CNY,0.134349011863018
2017-04-01,HRK,0.134291277781508
2017-03-23,SEK,0.105146942852637
2017-03-12,CZK,0.037008252840383
2017-03-02,KRW,0.000829944393726
2017-03-26,CAD,0.692137320044297
2017-04-11,GBP,1.1719207781553971
2017-03-19,HRK,0.134892692862828
2017-04-09,TRY,0.251724311534008
2017-04-16,CHF,0.935803855511885
2017-03-06,JPY,0.008276090374907
2017-04-15,ZAR,0.069541029207232
2017-04-18,CZK,0.037370604282671
2017-04-04,RUB,0.016644474034621
2017-04-05,USD,0.938878978499672
2017-04-04,CZK,0.03697677858305
2017-04-01,BRL,0.29585798816568
2017-04-21,MYR,0.21249017232953
2017-04-19,ILS,0.254368783862844
2017-03-25,HRK,0.134774522224319
2017-03-29,CAD,0.687474219716761
2017-03-25,AUD,0.705119165138908
2017-04-02,TRY,0.257109065665655
2017-03-06,BRL,0.30229746070133
2017-03-11,GBP,1.1461318051575931
2017-03-20,SGD,0.664231152441049
2017-03-21,IDR,6.9856793573e-05
2017-04-07,IDR,7.0616481887e-05
2017-03-03,AUD,0.722543352601156
2017-03-19,CZK,0.037008252840383
2017-04-13,CAD,0.710782571611344
2017-04-15,HKD,0.120989207762668
2017-04-30,NOK,0.107246656585481
2017-04-06,CHF,0.934404784152495
2017-03-23,GBP,1.152206475400392
2017-04-16,MXN,0.050591925528686
2017-03-28,CNY,0.133520261699713
2017-03-29,KRW,0.000827061450666
2017-04-13,KRW,0.000831324299609
2017-03-12,USD,0.942862530643032
2017-04-30,MYR,0.21076148123169
2017-03-07,USD,0.944108761329305
2017-03-10,CAD,0.70067264573991
2017-04-28,TRY,0.258024563938487
2017-04-21,CZK,0.037129172390747
2017-03-09,CAD,0.704572676671599
2017-03-11,BRL,0.29678874577076
2017-04-29,PHP,0.01826050435513
2017-04-22,ZAR,0.071128814282666
2017-04-10,NZD,0.65621103746965
2017-04-24,TRY,0.256614231825297
2017-04-23,ARS,0.060861983401963
2017-03-06,SGD,0.669657804861716
2017-03-19,PHP,0.018564241557911
2017-03-27,EUR,1.0
2017-04-26,NOK,0.106969032465101
2017-04-21,NZD,0.654578778555999
2017-04-22,NZD,0.654578778555999
2017-04-19,PHP,0.018748008024147
2017-03-19,PLN,0.232655530221953
2017-03-12,AUD,0.709471443774388
2017-04-08,CNY,0.13639215472326
2017-03-11,NZD,0.651550690643732
2017-03-13,RUB,0.015949980860023
2017-04-01,BGN,0.511299723898149
2017-04-04,AUD,0.713673993719669
2017-03-07,TRY,0.254271765663141
2017-03-30,DKK,0.134386926839757
2017-03-28,IDR,6.9032168991e-05
2017-03-18,HUF,0.003240965807811
2017-04-15,MYR,0.213196887325445
2017-03-13,CNY,0.136358677866259
2017-04-12,KRW,0.000826924667163
2017-04-16,DKK,0.134451973754975
2017-03-20,NOK,0.109862342484866
2017-03-02,HKD,0.122289753341567
2017-04-07,RON,0.221346673159502
2017-04-19,IDR,6.9964318198e-05
2017-03-29,AUD,0.700231076255164
2017-03-26,CZK,0.037008252840383
2017-03-16,TRY,0.253183786110337
2017-03-02,CHF,0.939231708462478
2017-04-28,CZK,0.037144342916574
2017-04-26,ILS,0.252448752903161
2017-04-18,THB,0.027253154552639
2017-03-27,NOK,0.108940768903947
2017-03-14,IDR,7.0214857464e-05
2017-04-17,PHP,0.019017191541153
2017-03-27,ILS,0.254148982133327
2017-03-18,RUB,0.01614152892562
2017-03-05,CZK,0.037008252840383
2017-03-31,RON,0.220031684562577
2017-03-16,DKK,0.134518893178547
2017-04-13,CZK,0.037447573397244
2017-03-30,BRL,0.297035584863067
2017-03-24,NOK,0.109315901090973
2017-03-31,BGN,0.511299723898149
2017-03-16,GBP,1.148461635639062
2017-03-20,DKK,0.134511655434943
2017-04-11,PHP,0.019000209002299
2017-04-06,NZD,0.654835963591121
2017-03-17,GBP,1.151941020619744
2017-03-23,MXN,0.048332527791203
2017-04-15,NOK,0.109850274076434
2017-04-05,THB,0.027257611688064
2017-03-03,PHP,0.018868992584486
2017-04-11,TRY,0.253858651502843
2017-04-10,CZK,0.037696019300362
2017-04-23,NOK,0.108133826423582
2017-04-21,AUD,0.703284337857796
2017-04-05,INR,0.014404033129276
2017-04-28,SGD,0.655393891728929
2017-03-03,NOK,0.112574580659687
2017-03-18,USD,0.931358852565894
2017-04-28,GBP,1.1838102115468849
2017-04-23,PLN,0.234044047089662
2017-03-28,MYR,0.208094891270419
2017-04-25,THB,0.026675914316963
2017-03-21,CZK,0.037008252840383
2017-03-08,EUR,1.0
2017-03-29,SEK,0.104911978849745
2017-03-31,BRL,0.298018179108926
2017-04-28,EUR,1.0
2017-03-04,ILS,0.255538803567322
2017-04-13,MXN,0.050591925528686
2017-03-17,SGD,0.66511473229132
2017-04-12,AUD,0.706065099202146
2017-03-30,HRK,0.134480903711673
2017-03-24,CNY,0.134647492863683
2017-03-04,CNY,0.13722691843232
2017-04-21,DKK,0.134464629079321
2017-03-29,NOK,0.108248538644728
2017-04-27,ZAR,0.068794716565768
2017-04-13,BGN,0.511299723898149
2017-03-21,SGD,0.665335994677312
2017-04-02,GBP,1.168866083012869
2017-04-01,JPY,0.008364700961941
2017-04-30,HKD,0.11764152275187
2017-03-02,CZK,0.037008252840383
2017-03-08,ZAR,0.072971395213076
2017-04-29,SGD,0.655393891728929
2017-04-03,CAD,0.701016473887136
2017-03-11,IDR,7.04920344e-05
2017-04-08,TRY,0.251724311534008
2017-04-07,HKD,0.121071238316625
2017-04-24,NOK,0.108166576527853
2017-03-02,USD,0.949397132820659
2017-04-26,IDR,6.9046468273e-05
2017-03-15,HUF,0.003212128999101
2017-04-05,IDR,7.0442378135e-05
2017-04-10,USD,0.94535829079221
2017-03-16,CHF,0.933271115258983
2017-04-30,DKK,0.134439320812551
2017-03-30,CAD,0.695410292072323
2017-03-22,CNY,0.134376091805746
2017-04-01,MYR,0.211358400439625
2017-04-29,ARS,0.059468401256853
2017-04-23,SGD,0.668985817500669
2017-03-06,KRW,0.000820613819137
2017-03-16,NZD,0.654578778555999
2017-03-01,BGN,0.511299723898149
2017-04-11,ARS,0.061859204368151
2017-04-06,SEK,0.104280723708223
2017-03-27,JPY,0.00832708801732
2017-03-09,GBP,1.152697889410164
2017-03-04,AUD,0.716537689882488
2017-03-02,HRK,0.13476180850347
2017-04-12,NOK,0.109847860712913
2017-03-26,IDR,6.944926731e-05
2017-04-01,RON,0.219659527732015
2017-03-25,IDR,6.944926731e-05
2017-03-23,DKK,0.13445920507718
2017-04-17,IDR,7.0962248084e-05
2017-03-12,THB,0.026626903823623
2017-03-24,ILS,0.254310564060831
2017-04-18,RON,0.221336874723329
2017-03-29,USD,0.920895110046966
2017-03-01,MXN,0.047438330170778
2017-04-02,SGD,0.669344042838019
2017-03-30,PLN,0.235910259737196
2017-04-20,BRL,0.296120817293456
2017-03-06,DKK,0.134522512342441
2017-04-14,SEK,0.10436234606554
2017-04-27,INR,0.014333629561678
2017-03-13,NZD,0.651550690643732
2017-03-31,AUD,0.714898484415213
2017-04-15,MXN,0.050591925528686
2017-04-03,TRY,0.257109065665655
2017-03-28,RUB,0.01616396728413
2017-04-30,THB,0.026465528648935
2017-03-29,JPY,0.008344459279039
2017-03-15,NZD,0.649814802781207
2017-03-20,CZK,0.037008252840383
2017-03-20,HKD,0.119973126019772
2017-04-21,ZAR,0.071128814282666
2017-04-26,PLN,0.236736819677564
2017-04-10,NOK,0.109357741981344
2017-04-24,HUF,0.003210582078531
2017-04-15,CHF,0.935803855511885
2017-04-28,USD,0.914913083257091
2017-03-29,CNY,0.1337488464162
2017-03-12,NZD,0.651550690643732
2017-04-18,CHF,0.935803855511885
2017-04-06,MXN,0.049902689754978
2017-04-27,BGN,0.511299723898149
2017-04-08,HUF,0.003222064699059
2017-03-28,NZD,0.648676699532953
2017-03-25,PHP,0.018431820695248
2017-04-15,IDR,7.0962248084e-05
2017-03-03,RON,0.221141088014153
2017-04-02,NZD,0.65321052975374
2017-04-04,MYR,0.211855429854667
2017-04-23,SEK,0.103745201784417
2017-03-15,ZAR,0.071479628305933
2017-04-12,HUF,0.003205436420169
2017-03-04,NOK,0.111978320997055
2017-04-29,BRL,0.288035025059047
2017-04-03,SGD,0.669344042838019
2017-03-20,RUB,0.01614152892562
2017-04-17,NZD,0.658848333113717
2017-04-29,HKD,0.11764152275187
2017-03-10,PHP,0.018826364440763
2017-04-13,TRY,0.256469441666026
2017-03-18,BRL,0.299922020274729
2017-04-10,SEK,0.104060438302566
2017-04-24,HKD,0.118517113871243
2017-04-01,ILS,0.257380382467248
2017-04-30,HRK,0.133976420150054
2017-04-23,ILS,0.254026317126454
2017-03-11,RON,0.21982853374368
2017-03-07,INR,0.014165108504731
2017-03-20,MYR,0.209978162271124
2017-04-26,HKD,0.117984355274491
2017-04-26,EUR,1.0
2017-04-18,NOK,0.109777919269318
2017-04-12,IDR,7.0982396366e-05
2017-03-05,IDR,7.0726359714e-05
2017-03-26,GBP,1.15473441108545
2017-03-22,USD,0.925754489909276
2017-04-01,CZK,0.036995930447651
2017-04-29,CZK,0.037144342916574
2017-04-08,AUD,0.708064858741061
2017-04-11,MYR,0.2124675986912
2017-04-18,GBP,1.1851851851851849
2017-03-07,CNY,0.136892539356605
2017-03-12,IDR,7.04920344e-05
2017-03-12,HKD,0.121407845374968
2017-04-14,CZK,0.037447573397244
2017-04-06,ARS,0.060866525066783
2017-04-09,RON,0.221346673159502
2017-04-22,EUR,1.0
2017-03-21,KRW,0.000833611203735
2017-04-07,HRK,0.134246207544637
2017-04-14,SGD,0.673627484001347
2017-03-21,USD,0.930059523809524
2017-04-15,CAD,0.710782571611344
2017-03-18,RON,0.219139657703855
2017-04-30,CHF,0.923275782476226
2017-03-05,EUR,1.0
2017-03-13,MYR,0.211725349876141
2017-04-02,AUD,0.715205263910742
2017-03-14,SEK,0.104553296042658
2017-03-07,MXN,0.048341873731026
2017-04-20,ILS,0.253923112081662
2017-03-30,EUR,1.0
2017-04-09,THB,0.027181299266105
2017-03-28,NOK,0.108473987937693
2017-04-19,GBP,1.1986096128490951
2017-04-04,RON,0.219804374107045
2017-03-19,KRW,0.000824266402901
2017-03-08,TRY,0.257109065665655
2017-03-04,THB,0.02699711130909
2017-04-03,RON,0.219659527732015
2017-04-03,SEK,0.104907576425169
2017-04-09,KRW,0.000828912466844
2017-04-21,HUF,0.003182888789866
2017-04-25,GBP,1.1774679728711379
2017-04-08,CZK,0.037646350186349
2017-03-28,GBP,1.1573672210455661
2017-04-10,GBP,1.171852112263432
2017-04-07,CZK,0.037646350186349
2017-03-29,HRK,0.134544231416078
2017-03-09,BRL,0.301650025640252
2017-03-18,KRW,0.000824266402901
2017-04-12,ILS,0.257984624116403
2017-03-05,NZD,0.666178136033575
2017-04-03,MXN,0.049955040463583
2017-04-15,INR,0.014600245284121
2017-04-01,PLN,0.236602389684136
2017-04-04,BGN,0.511299723898149
2017-03-26,EUR,1.0
2017-04-27,PLN,0.236877013454614
2017-03-22,GBP,1.152697889410164
2017-04-20,KRW,0.000819067900729
2017-03-28,RON,0.219823701391484
2017-03-22,HKD,0.119209403237727
2017-04-20,GBP,1.19161105815062
2017-04-07,CHF,0.935016362786349
2017-04-09,CAD,0.701459034792368
2017-04-26,PHP,0.018423670732157
2017-04-02,SEK,0.104907576425169
2017-03-01,USD,0.943663300934227
2017-03-23,JPY,0.008328475056217
2017-04-09,CHF,0.935016362786349
2017-04-22,BGN,0.511299723898149
2017-04-23,USD,0.93475415965601
2017-04-07,SGD,0.671050865655617
2017-03-05,MYR,0.212485657218138
2017-04-29,PLN,0.236832133383858
2017-03-13,EUR,1.0
2017-04-17,ZAR,0.069541029207232
2017-03-17,BGN,0.511299723898149
2017-03-01,ILS,0.257851580630189
2017-04-05,CZK,0.036963110815406
2017-04-29,BGN,0.511299723898149
2017-04-03,INR,0.014410052452591
2017-04-27,AUD,0.686059275521405
2017-03-30,INR,0.014335067876546
2017-03-03,USD,0.951112801978315
2017-03-23,MYR,0.20899515131249
2017-03-24,USD,0.927127758205081
2017-03-29,DKK,0.134397763621213
2017-03-01,TRY,0.260477716131385
2017-04-01,EUR,1.0
2017-04-27,MXN,0.048398025360565
2017-03-17,HKD,0.120084058841189
2017-04-29,JPY,0.008212877792378
2017-04-07,TRY,0.251724311534008
2017-04-23,CAD,0.693818080899188
2017-04-06,NOK,0.109065526568362
2017-03-15,NOK,0.109277674571085
2017-04-07,ILS,0.257838283828383
2017-04-13,PLN,0.235571260306243
2017-04-24,RON,0.22082367229767
2017-03-16,HUF,0.003217192677669
2017-03-14,CZK,0.037008252840383
2017-03-03,MXN,0.047732696897375
2017-04-21,CHF,0.936329588014981
2017-04-02,BRL,0.29585798816568
2017-03-07,DKK,0.134522512342441
2017-03-01,RUB,0.016193020808032
2017-03-06,MXN,0.048160277403198
2017-04-17,GBP,1.179760036808513
2017-04-09,SEK,0.10420682971562
2017-04-13,SGD,0.673627484001347
2017-04-11,SGD,0.670960815888352
2017-04-28,HKD,0.11764152275187
2017-03-20,BRL,0.299922020274729
2017-03-10,EUR,1.0
2017-03-31,JPY,0.008375910880308
2017-04-20,MYR,0.211608862179148
2017-03-23,TRY,0.255388701603841
2017-03-09,SGD,0.669030574697264
2017-03-01,HUF,0.003244120032441
2017-04-24,THB,0.026828352202608
2017-04-04,INR,0.014434180138568
2017-04-24,CZK,0.037323181427985
2017-03-18,PHP,0.018564241557911
2017-03-31,RUB,0.016573303722364
2017-04-10,MYR,0.213133272235129
2017-03-31,IDR,6.9944743653e-05
2017-03-04,MYR,0.212485657218138
2017-03-22,HUF,0.00324369911447
2017-03-19,AUD,0.717360114777618
2017-04-21,ARS,0.060861983401963
2017-04-17,USD,0.940733772342427
2017-03-15,THB,0.026628321883155
2017-04-28,IDR,6.8638890796e-05
2017-03-24,INR,0.014162299957513
2017-04-25,ARS,0.059408126342549
2017-04-19,USD,0.932400932400932
2017-03-12,SGD,0.664849411608271
2017-04-09,PHP,0.018861162979309
2017-03-21,GBP,1.1521666493841669
2017-03-17,CNY,0.135127830928058
2017-03-19,ZAR,0.072992700729927
2017-03-28,PHP,0.018343238682222
2017-03-06,NOK,0.111978320997055
2017-04-13,BRL,0.300507858280494
2017-04-16,PLN,0.235571260306243
2017-03-13,RON,0.21982853374368
2017-03-10,TRY,0.252506123273489
2017-04-15,PLN,0.235571260306243
2017-03-10,NZD,0.654578778555999
2017-03-13,IDR,7.04920344e-05
2017-03-09,CHF,0.934404784152495
2017-03-19,TRY,0.257095845331139
2017-03-01,DKK,0.134531561104235
2017-03-09,ZAR,0.072511057936335
2017-03-02,BRL,0.30517578125
2017-04-01,CAD,0.701016473887136
2017-04-24,BRL,0.29495914815798
2017-03-18,PLN,0.232655530221953
2017-03-31,SEK,0.104577350637399
2017-03-31,MYR,0.210690432547458
2017-03-05,USD,0.946521533364884
2017-03-15,CHF,0.93231400335633
2017-03-02,ZAR,0.072574207126787
2017-03-02,AUD,0.72716695753345
2017-03-13,NOK,0.109403205513922
2017-03-18,NOK,0.109862342484866
2017-04-17,HKD,0.120989207762668
2017-04-19,ZAR,0.070121309866068
2017-03-07,MYR,0.212255640693651
2017-04-16,NOK,0.109850274076434
2017-04-29,NOK,0.107246656585481
2017-04-18,ARS,0.061398774603256
2017-04-04,PLN,0.236524042668937
2017-04-18,HRK,0.134462821029985
2017-03-06,INR,0.014165911151405
2017-04-06,ILS,0.257102455328448
2017-04-12,CHF,0.936504963476306
2017-04-08,DKK,0.134475478396514
2017-04-14,RON,0.221292792493748
2017-04-13,ILS,0.257459900620478
2017-04-26,ZAR,0.069357747260369
2017-04-29,USD,0.914913083257091
2017-04-06,EUR,1.0
2017-04-14,PLN,0.235571260306243
2017-04-21,IDR,7.0175438596e-05
2017-04-20,MXN,0.04950985246064
2017-04-30,JPY,0.008212877792378
2017-03-30,HKD,0.119756176424799
2017-04-13,IDR,7.0962248084e-05
2017-03-05,CHF,0.936768149882904
2017-04-16,PHP,0.019017191541153
2017-04-03,CZK,0.036995930447651
2017-04-17,ILS,0.257459900620478
2017-03-25,SGD,0.661113314822161
2017-03-22,PHP,0.018492834026815
2017-04-13,HRK,0.134671065921487
2017-03-19,SEK,0.1056970721911
2017-04-16,ARS,0.062065036586408
2017-04-08,HKD,0.121071238316625
2017-03-10,KRW,0.000818062827225
2017-04-14,ARS,0.062065036586408
2017-04-02,CZK,0.036995930447651
2017-03-14,NOK,0.109531424565708
2017-04-05,ILS,0.257559367434194
2017-04-02,ZAR,0.070224719101124
2017-04-16,USD,0.940733772342427
2017-04-10,TRY,0.253203018179977
2017-04-20,PLN,0.234807927115619
2017-04-08,HRK,0.134246207544637
2017-04-11,CAD,0.707263597142655
2017-03-07,EUR,1.0
2017-03-17,PLN,0.232698841159771
2017-03-19,JPY,0.008231130134167
2017-03-13,SEK,0.104408110422018
2017-03-12,TRY,0.251249968593754
2017-03-22,RON,0.219077246637164
2017-03-15,CZK,0.037008252840383
2017-04-16,SGD,0.673627484001347
2017-04-29,RUB,0.016101503880462
2017-04-23,HKD,0.120206755619666
2017-03-29,RUB,0.016159265722966
2017-04-27,CNY,0.133290680315632
2017-03-22,BGN,0.511299723898149
2017-03-25,MYR,0.209205020920502
2017-03-04,CAD,0.706164818868724
2017-04-05,GBP,1.1679104913399441
2017-03-30,MXN,0.049135220125786
2017-03-05,JPY,0.008276090374907
2017-03-22,EUR,1.0
2017-03-03,PLN,0.232877669360285
2017-04-22,CHF,0.936329588014981
2017-03-10,BRL,0.299078837181481
2017-03-18,ZAR,0.072992700729927
2017-04-20,CNY,0.135199080646252
2017-04-27,ARS,0.059513596565542
2017-04-30,CNY,0.132684065970518
2017-03-30,MYR,0.210548478787241
2017-04-16,GBP,1.179760036808513
2017-04-07,KRW,0.000828912466844
2017-03-09,EUR,1.0
2017-04-04,EUR,1.0
2017-04-28,CNY,0.132684065970518
2017-04-24,NZD,0.647584509778526
2017-03-02,ILS,0.261273971886921
2017-03-11,EUR,1.0
2017-04-13,NZD,0.658848333113717
2017-04-06,RON,0.221062870280308
2017-03-13,CHF,0.930838685655776
2017-03-14,TRY,0.250300360432519
2017-03-30,TRY,0.254803037252204
2017-04-14,CNY,0.136561650757234
2017-03-01,SGD,0.674263367271256
2017-03-07,ILS,0.256739409499358
2017-04-01,GBP,1.168866083012869
2017-04-01,DKK,0.13444655077374
2017-04-18,DKK,0.134442935695944
2017-03-06,PLN,0.232520287395075
2017-04-07,BRL,0.299859066238868
2017-03-27,AUD,0.705119165138908
2017-04-07,ARS,0.061209441017634
2017-03-31,EUR,1.0
2017-03-22,IDR,6.9507193995e-05
2017-03-21,MXN,0.048659432631016
2017-03-05,BRL,0.30229746070133
2017-03-01,HKD,0.12157759081846
2017-04-27,NOK,0.107104223119518
2017-03-14,MYR,0.210748155953635
2017-04-28,BGN,0.511299723898149
2017-03-26,AUD,0.705119165138908
2017-03-15,HKD,0.121068306738662
2017-03-29,RON,0.219640229304399
2017-03-03,TRY,0.256594478086832
2017-03-27,BGN,0.511299723898149
2017-04-16,BRL,0.300507858280494
2017-04-25,PLN,0.236557613606794
2017-04-28,CAD,0.670510929328148
2017-03-03,NZD,0.67462726843419
2017-03-28,THB,0.026735108544541
2017-04-10,CAD,0.706464146944543
2017-04-11,ILS,0.257619084421774
2017-03-10,HKD,0.122027114424825
2017-03-27,NZD,0.649308486461918
2017-04-09,HKD,0.121071238316625
2017-04-05,HRK,0.134462821029985
2017-03-07,HUF,0.003230495881118
2017-04-18,CAD,0.700623554963918
2017-04-22,RON,0.220084952791778
2017-04-25,JPY,0.008309788931361
2017-04-09,IDR,7.0616481887e-05
2017-03-13,DKK,0.134533371002677
2017-03-29,INR,0.014155483834437
2017-04-06,PLN,0.236568806037236
2017-03-05,GBP,1.1580105378958949
2017-03-27,ZAR,0.074172971369233
2017-04-14,EUR,1.0
2017-04-17,CHF,0.935803855511885
2017-03-25,EUR,1.0
2017-04-03,MYR,0.211358400439625
2017-03-17,NOK,0.109184609337468
2017-04-20,JPY,0.00853533629225
2017-03-03,CNY,0.13812345474385
2017-04-05,RUB,0.016634229918326
2017-03-31,ZAR,0.072379849449913
2017-04-28,PHP,0.01826050435513
2017-04-22,THB,0.027181299266105
2017-03-19,RUB,0.01614152892562
2017-04-21,NOK,0.108133826423582
2017-04-07,HUF,0.003222064699059
2017-03-05,SGD,0.669657804861716
2017-03-18,DKK,0.134511655434943
2017-04-24,MXN,0.049593334655822
2017-03-15,SEK,0.105298626905905
2017-04-08,BGN,0.511299723898149
2017-04-30,CZK,0.037144342916574
2017-04-09,BRL,0.299859066238868
2017-03-07,SEK,0.104893271096659
2017-03-10,MXN,0.0478996024333
2017-03-28,ILS,0.254045677412799
2017-04-17,RUB,0.016684741803621
2017-04-28,DKK,0.134439320812551
2017-04-09,NOK,0.109190570302349
2017-03-07,BRL,0.303988326848249
2017-04-06,HUF,0.003228305785124
2017-04-19,ARS,0.060685337724524
2017-03-15,USD,0.940645282663907
2017-03-25,CNY,0.134397763621213
2017-03-12,JPY,0.008168599901977
2017-04-01,RUB,0.016580173428614
2017-03-17,SEK,0.105442965899745
2017-04-12,HKD,0.121335662978063
2017-03-17,EUR,1.0
2017-03-10,INR,0.014204545454545
2017-04-05,TRY,0.256930705788649
2017-04-06,TRY,0.252844500632111
2017-04-04,THB,0.027279175077746
2017-03-21,SEK,0.105176802204506
2017-03-14,CHF,0.930319099451112
2017-04-10,AUD,0.708215297450425
2017-04-21,SGD,0.668985817500669
2017-03-05,NOK,0.111978320997055
2017-04-30,BGN,0.511299723898149
2017-03-17,USD,0.93231400335633
2017-03-04,SGD,0.669657804861716
2017-04-04,NOK,0.109327852363668
2017-04-01,IDR,7.0234583509e-05
2017-04-13,INR,0.014600245284121
2017-04-26,RUB,0.016193020808032
2017-04-15,GBP,1.179760036808513
2017-04-10,RON,0.221641030187508
2017-03-22,MYR,0.209187515689064
2017-04-25,CZK,0.037353853049942
2017-04-27,CHF,0.924214417744917
2017-04-06,DKK,0.134498991257566
2017-03-23,ILS,0.25315814789499
2017-03-24,MYR,0.209332021519332
2017-03-11,BGN,0.511299723898149
2017-03-30,CZK,0.037008252840383
2017-03-10,RUB,0.015971889474525
2017-04-03,GBP,1.168866083012869
2017-04-02,NOK,0.109071474537264
2017-04-24,HRK,0.134006941559573
2017-04-17,HUF,0.003199488081907
2017-03-30,RUB,0.016333464001045
2017-03-19,EUR,1.0
2017-04-11,RON,0.221709826179496
2017-03-12,RUB,0.015949980860023
2017-04-23,MXN,0.049637645190112
2017-03-14,ZAR,0.071377587437545
2017-03-02,THB,0.027121586070353
2017-04-07,CAD,0.701459034792368
2017-04-11,SEK,0.104258979304593
2017-04-13,THB,0.027395008629428
2017-03-14,CNY,0.13565391972001
2017-04-24,INR,0.014303491482271
2017-03-06,RUB,0.016112659716739
2017-04-08,ILS,0.257838283828383
2017-03-21,NOK,0.109555424089047
2017-03-18,AUD,0.717360114777618
2017-03-22,ZAR,0.073626859078192
2017-03-22,NZD,0.65321052975374
2017-03-06,BGN,0.511299723898149
2017-04-13,HUF,0.003199488081907
2017-03-18,CAD,0.699496362618914
2017-04-17,BGN,0.511299723898149
2017-04-13,RUB,0.016684741803621
2017-03-08,HUF,0.003230808994572
2017-03-26,BGN,0.511299723898149
2017-04-01,TRY,0.257109065665655
2017-04-17,TRY,0.256469441666026
2017-03-27,HUF,0.003227784771311
2017-04-20,CAD,0.689940665102801
2017-03-27,USD,0.925497454881999
2017-04-16,ZAR,0.069541029207232
2017-04-11,DKK,0.13445920507718
2017-04-18,NZD,0.658501251152377
2017-03-03,HUF,0.003243278305711
2017-03-16,ZAR,0.072124053371799
2017-04-14,NOK,0.109850274076434
2017-04-12,RUB,0.016527013403408
2017-04-18,SEK,0.10426658881428
2017-04-21,BGN,0.511299723898149
2017-04-23,MYR,0.21249017232953
2017-04-24,DKK,0.134426670251378
2017-04-22,CAD,0.693818080899188
2017-03-13,AUD,0.709471443774388
2017-04-23,DKK,0.134464629079321
2017-03-11,RUB,0.015949980860023
2017-03-12,MXN,0.047691720717283
2017-03-23,PHP,0.01842570754717
2017-04-12,PHP,0.019067231056706
2017-04-02,PLN,0.236602389684136
2017-04-18,ZAR,0.06993006993007
2017-04-10,CNY,0.136945030264852
2017-03-25,SEK,0.104851477881581
2017-04-21,RON,0.220084952791778
2017-04-07,NOK,0.109190570302349
2017-04-12,CZK,0.037457392216354
2017-03-06,CZK,0.037008252840383
2017-04-14,MYR,0.213196887325445
2017-03-31,SGD,0.667690458703345
2017-04-28,MYR,0.21076148123169
2017-04-21,PHP,0.01875961430233
2017-04-11,EUR,1.0
2017-04-26,SGD,0.657635144022097
2017-03-08,HRK,0.134970981239034
2017-03-06,THB,0.02699711130909
2017-04-06,MYR,0.211327134404057
2017-03-19,CAD,0.699496362618914
2017-03-29,CZK,0.037008252840383
2017-04-08,PLN,0.236691992709887
2017-04-14,ZAR,0.069541029207232
2017-04-09,EUR,1.0
2017-04-22,SGD,0.668985817500669
2017-03-11,CZK,0.037008252840383
2017-03-06,IDR,7.0726359714e-05
2017-03-15,AUD,0.710580544304697
2017-03-02,DKK,0.13452975125449
2017-03-27,SGD,0.661113314822161
2017-03-10,RON,0.219785050220884
2017-03-02,BGN,0.511299723898149
2017-03-29,ILS,0.254777070063694
2017-03-09,CNY,0.137074554850383
2017-03-22,SGD,0.662778366914104
2017-04-01,MXN,0.049955040463583
2017-03-15,SGD,0.664937828313053
2017-03-28,CZK,0.037008252840383
2017-04-10,JPY,0.008494733265375
2017-04-29,EUR,1.0
2017-03-26,HUF,0.003227784771311
2017-03-12,HUF,0.003202356934704
2017-03-09,JPY,0.008288437629507
2017-04-26,TRY,0.256469441666026
2017-03-06,CNY,0.13722691843232
2017-03-25,THB,0.026771611383289
2017-03-18,NZD,0.652826739783262
2017-03-17,CAD,0.700427260628984
2017-03-27,INR,0.014153880994169
2017-03-16,CNY,0.136169285655927
2017-03-01,GBP,1.1722642283570719
2017-03-04,TRY,0.253884431806642
2017-04-20,USD,0.930665425779432
2017-04-13,ARS,0.062065036586408
2017-03-26,MXN,0.048952418249462
2017-04-22,HKD,0.120206755619666
2017-03-08,SGD,0.670241286863271
2017-03-07,GBP,1.158748551564311
2017-04-10,EUR,1.0
2017-03-03,CHF,0.938878978499672
2017-03-13,BRL,0.29678874577076
2017-04-22,INR,0.014468011227177
2017-03-19,DKK,0.134511655434943
2017-04-03,IDR,7.0234583509e-05
2017-03-25,HKD,0.119142649494239
2017-04-27,EUR,1.0
2017-04-04,DKK,0.134455589318848
2017-03-29,MYR,0.20854622427061
2017-04-20,TRY,0.255970512196995
2017-03-10,ILS,0.256818532025271
2017-04-22,KRW,0.000822977532713
2017-04-15,ARS,0.062065036586408
2017-03-03,CZK,0.037008252840383
2017-04-02,BGN,0.511299723898149
2017-03-10,GBP,1.1540281352059361
2017-04-03,BRL,0.29585798816568
2017-04-09,MYR,0.212116069913457
2017-03-20,HRK,0.134892692862828
2017-03-19,HUF,0.003240965807811
2017-04-28,SEK,0.103822753794722
2017-04-03,DKK,0.13444655077374
2017-03-21,RUB,0.016166580444904
2017-04-17,AUD,0.712910814857061
2017-04-25,ZAR,0.07038783698177
2017-04-01,SGD,0.669344042838019
2017-03-08,IDR,7.0841598186e-05
2017-03-11,TRY,0.251249968593754
2017-03-13,HUF,0.003202356934704
2017-04-17,KRW,0.000831324299609
2017-03-10,AUD,0.712047849615494
2017-04-05,HUF,0.0032322709936
2017-04-12,MYR,0.212974400477063
2017-04-01,HKD,0.120374605773166
2017-04-23,PHP,0.01875961430233
2017-04-25,HRK,0.133967445910644
2017-04-18,PLN,0.236055048037202
2017-04-29,CAD,0.670510929328148
2017-03-26,ILS,0.254148982133327
2017-04-07,SEK,0.10420682971562
2017-03-06,MYR,0.212485657218138
2017-04-29,THB,0.026465528648935
2017-04-04,HRK,0.134580445461274
2017-03-10,JPY,0.008267879288962
2017-03-23,AUD,0.709924747976714
2017-04-15,SGD,0.673627484001347
2017-04-04,JPY,0.008428860418071
2017-04-08,NZD,0.655780706931602
2017-03-26,SEK,0.104851477881581
2017-04-24,EUR,1.0
2017-04-22,DKK,0.134464629079321
2017-03-29,PLN,0.235460324935248
2017-03-25,NZD,0.649308486461918
2017-04-08,NOK,0.109190570302349
2017-03-15,RUB,0.01584183511818
2017-04-11,AUD,0.707363655655372
2017-04-02,MXN,0.049955040463583
2017-03-08,ILS,0.257168574000257
2017-04-08,THB,0.027181299266105
2017-04-15,NZD,0.658848333113717
2017-03-10,BGN,0.511299723898149
2017-04-08,RUB,0.016531111551941
2017-03-07,THB,0.026951272100043
2017-03-28,KRW,0.000827814569536
2017-03-11,PLN,0.231165768972931
2017-03-15,PHP,0.018698229277687
2017-03-03,KRW,0.000830357884248
2017-03-21,CHF,0.932835820895522
2017-03-06,HUF,0.003229139757169
2017-03-28,BGN,0.511299723898149
2017-03-27,THB,0.026771611383289
2017-03-09,HKD,0.121977995169671
2017-03-17,PHP,0.018618853451004
2017-04-09,USD,0.940733772342427
2017-04-13,USD,0.940733772342427
2017-03-10,NOK,0.110548541864733
2017-03-02,CNY,0.137984324980682
2017-03-25,GBP,1.15473441108545
2017-04-29,MXN,0.048192771084337
2017-04-14,ILS,0.257459900620478
2017-03-24,HRK,0.134810860362911
2017-04-17,CNY,0.136561650757234
2017-04-22,MYR,0.21249017232953
2017-03-21,AUD,0.718287602355983
2017-03-19,USD,0.931358852565894
2017-04-05,ZAR,0.068222131259381
2017-04-16,CNY,0.136561650757234
2017-03-09,IDR,7.0696359138e-05
2017-03-18,MXN,0.048612123863692
2017-03-27,HKD,0.119142649494239
2017-04-06,SGD,0.669344042838019
2017-03-02,MYR,0.213447171824973
2017-03-16,IDR,7.046719752e-05
2017-03-26,HRK,0.134774522224319
2017-03-08,CAD,0.704671975195546
2017-03-05,SEK,0.104849279161206
2017-03-07,ZAR,0.07265329845975
2017-03-20,AUD,0.717360114777618
2017-03-13,TRY,0.251249968593754
2017-04-24,PHP,0.01852023335494
2017-04-14,HUF,0.003199488081907
2017-03-05,PHP,0.018798052521759
2017-04-25,BGN,0.511299723898149
2017-04-30,EUR,1.0
2017-03-21,HKD,0.119764781968214
2017-04-18,HUF,0.003199181009662
2017-04-13,NOK,0.109850274076434
2017-04-02,RON,0.219659527732015
2017-04-21,RUB,0.016595857673925
2017-04-01,THB,0.027230149221218
2017-03-30,BGN,0.511299723898149
2017-03-26,NZD,0.649308486461918
2017-03-19,RON,0.219139657703855
2017-04-13,MYR,0.213196887325445
2017-04-29,KRW,0.000804052424218
2017-04-30,TRY,0.258024563938487
2017-03-01,JPY,0.00841538332071
2017-04-17,MXN,0.050591925528686
2017-03-22,PLN,0.234587595007976
2017-04-04,SEK,0.105102737926323
2017-04-10,BRL,0.301431801055011
2017-04-20,RON,0.220240061667217
2017-03-30,ILS,0.256594478086832
2017-03-06,ZAR,0.072348430039068
2017-04-30,CAD,0.670510929328148
2017-03-07,HRK,0.134970981239034
2017-04-25,RUB,0.016390486961368
2017-03-28,DKK,0.134401376270093
2017-04-23,KRW,0.000822977532713
2017-04-03,THB,0.027230149221218
2017-03-01,NZD,0.679948323927382
2017-03-23,PLN,0.23355754857997
2017-03-14,MXN,0.047755491881566
2017-03-16,INR,0.014337328668922
2017-04-06,CZK,0.037402752842609
2017-04-13,SEK,0.10436234606554
2017-04-24,BGN,0.511299723898149
2017-03-21,THB,0.02678380115706
2017-04-25,ILS,0.251952632905014
2017-03-02,MXN,0.047370914258645
2017-04-25,USD,0.918189330639978
2017-04-26,CAD,0.676041103299081
2017-03-04,INR,0.014165911151405
2017-03-09,SEK,0.105016645138254
2017-03-06,NZD,0.666178136033575
2017-04-24,ILS,0.252397778899546
2017-04-27,BRL,0.290807572629191
2017-04-04,ZAR,0.069199363365857
2017-03-12,NOK,0.109403205513922
2017-03-05,DKK,0.134522512342441
2017-03-15,EUR,1.0
2017-03-28,CHF,0.933445346774946
2017-03-10,DKK,0.134522512342441
2017-04-22,JPY,0.008567511994517
2017-03-08,PHP,0.0187839284708
2017-03-08,MYR,0.212594072877248
2017-03-28,ZAR,0.072669137417339
2017-03-16,HRK,0.134593124983176
2017-03-24,MXN,0.048553117110118
2017-04-02,CNY,0.135792075174493
2017-04-29,IDR,6.8638890796e-05
2017-04-11,ZAR,0.068078153720471
2017-04-23,HRK,0.134093194770365
2017-03-10,SEK,0.104684637529443
2017-03-03,MYR,0.213780276631678
2017-03-15,HRK,0.134661998384056
2017-03-04,RON,0.220614189904695
2017-03-09,ILS,0.25720826152936
2017-03-24,HUF,0.003233943470668
2017-03-01,NOK,0.112748469439527
2017-03-27,TRY,0.255258321421278
2017-04-11,CZK,0.037512191462225
2017-03-17,IDR,7.0008401008e-05
2017-04-13,CNY,0.136561650757234
2017-04-02,IDR,7.0234583509e-05
2017-04-08,KRW,0.000828912466844
2017-03-24,KRW,0.000828225940036
2017-03-25,ILS,0.254148982133327
2017-04-13,JPY,0.008619946556331
2017-03-17,RON,0.219741583897337
2017-04-14,HKD,0.120989207762668
2017-04-15,CZK,0.037447573397244
2017-03-09,THB,0.026855731012998
2017-03-04,BRL,0.30229746070133
2017-04-24,KRW,0.000816859990198
2017-03-06,TRY,0.253884431806642
2017-03-11,CNY,0.136358677866259
2017-03-21,ILS,0.256121299047229
2017-04-13,DKK,0.134451973754975
2017-03-22,MXN,0.048761458942852
2017-03-07,IDR,7.0731362286e-05
2017-03-21,CNY,0.134647492863683
2017-03-25,KRW,0.000826173165896
2017-03-06,EUR,1.0
2017-04-15,BRL,0.300507858280494
2017-04-16,CAD,0.710782571611344
2017-04-08,SGD,0.671050865655617
2017-04-27,CAD,0.676452682134885
2017-03-13,HRK,0.134789055128724
2017-03-21,TRY,0.255970512196995
